"text","id","date","lang","source","predictions"
"""  As I waited to go in to meet Gen.","www_theglobeandmail_com_world_article-the-fearless-ukraine-soldiers-front-lines__20240607_112405","2024-06-07","EN","headlines","{""themes"":null,""political_parties"":null,""specific_themes"":null,""sentiment"":""neutral""}"
"""It was about ensuring the long-term health of your vineyard where your vineyard was still alive.","www_cbc_ca_news_canada_british-columbia_okanagan-wine-industry-2024-freeze-1_7419441_20241231_165355","2024-12-31","EN","headlines","{""themes"":""health"",""political_parties"":null,""specific_themes"":null,""sentiment"":""positive""}"
"Alberta Premier Danielle Smith said an export tax would be crushing and “a breaking point” for her province.","www_theglobeandmail_com_canada_alberta_article-danielle-smith-doesnt-support-tariffs-alberta-oil-gas__20241213_024333","2024-12-13","EN","headlines","{""themes"":[""governments_governance"",""foreign_trade"",""macroeconomics""],""political_parties"":null,""specific_themes"":null,""sentiment"":""negative""}"
"Although she's glad the issue is getting attention, she says she struggles with people wondering what can be done each time new data is released.","www_cbc_ca_news_canada_toronto_ontario-femicide-young-victims-1_7302542_20240824_144359","2024-08-24","EN","headlines","{""themes"":null,""political_parties"":null,""specific_themes"":null,""sentiment"":""neutral""}"
"And Beijing, which recently colluded with Russia to fly strategic bombers in the Alaskan Arctic for the first time, is undertaking a “rapid nuclear expansion” that the U.S. defence department expects to double China’s arsenal of operational warheads by 2030.","www_thestar_com_politics_federal_nuclear-war-would-turn-canada-into-one-of-the-worst-places-on-the-planet-and_article_61cf660c-4daf-11ef-89a3-b32fae1a7220_html_20240811_023432","2024-08-11","EN","headlines","{""themes"":""defense"",""political_parties"":null,""specific_themes"":null,""sentiment"":""negative""}"
"Another mourning banner hangs on another burned-out house across the street.","www_theglobeandmail_com_world_article-israelis-and-palestinians-mourn-oct-7-and-a-year-of-death-and__20241005_195352","2024-10-05","EN","headlines","{""themes"":null,""political_parties"":null,""specific_themes"":null,""sentiment"":""negative""}"
"Are they going to end catch-and-release policies that turn repeat violent offenders back onto our streets?","441276HAN276-12559435","2024-02-06","EN","parliament","{""themes"":""law_and_crime"",""political_parties"":null,""specific_themes"":null,""sentiment"":""negative""}"
"Army Herald Trumpets Major Aaron Morris during rehearsals for the inauguration on the West Front of the U.S.","www_theglobeandmail_com_world_article-trump-inauguration-2025-live-updates__20250120_174336","2025-01-20","EN","headlines","{""themes"":""defense"",""political_parties"":null,""specific_themes"":null,""sentiment"":""positive""}"
"Avec les informations de La Presse canadienne Trudeau a pris la bonne décision, dit DuclosEn entrevue à En direct avec Patrice Roy, Jean-Yves Duclos, lieutenant politique pour le Québec du Parti libéral du Canada, dit partager l’analyse du premier ministre démissionnaire Justin Trudeau.","ici_radio-canada_ca_info_en-direct_1012267_justin-trudeau-annonce-avenir-politique_20250107_055330","2025-01-07","FR","headlines","{""themes"":[""governments_governance"",""technology""],""political_parties"":""lpc"",""specific_themes"":null,""sentiment"":""positive""}"
"Before the WE Charity it was SNC-Lavalin.","441363HAN363-12966365","2024-10-31","EN","parliament","{""themes"":null,""political_parties"":null,""specific_themes"":null,""sentiment"":""positive""}"
"Bien sûr qu'il devrait y avoir des services de logement, mais si vous ne disposez pas de services d'urgence adéquats entre-temps, vous aurez encore plus de morts.","ici_radio-canada_ca_info_long-format_2127568_itinerance-refuge-hiver-inflation-campements-autochtones_20241218_140356","2024-12-18","FR","headlines","{""themes"":""housing"",""political_parties"":null,""specific_themes"":null,""sentiment"":""neutral""}"
"But Levy said that despite this, the city decided at the last minute to drop the endorsement for heritage designation and only preserve a small part of the building, according to documents the residents’ group obtained through a freedom of information request.","www_thestar_com_news_gta_we-are-in-this-legal-limbo-casa-loma-residents-opposing-new-development-face-a-tougher_article_2b9d8dd0-a2c7-11ef-8cc0-37b323adaafd_html_20241208_193405","2024-12-08","EN","headlines","{""themes"":null,""political_parties"":null,""specific_themes"":null,""sentiment"":""positive""}"
"B– Martine Biron (Relations internationales, Condition féminine) a compris qu’il valait mieux améliorer l’accès à l’avortement que d’inscrire ce droit dans une loi.","www_ledevoir_com_opinion_chroniques_825418_bulletin-ministeriel_20241207_101351","2024-12-07","FR","headlines","{""themes"":null,""political_parties"":null,""specific_themes"":null,""sentiment"":""positive""}"
"C'est ce que je vais faire.","441338HAN338-12862499","2024-09-18","FR","parliament","{""themes"":null,""political_parties"":null,""specific_themes"":null,""sentiment"":""neutral""}"
"C'est la Colombie‑Britannique qui en compte le plus en raison de l'accueil fort enthousiaste de ses politiques sur les peines légères, la non-application de la loi et la distribution de drogues financées par les contribuables.","441386HAN386-13059414","2024-12-10","FR","parliament","{""themes"":""domestic_commerce"",""political_parties"":null,""specific_themes"":null,""sentiment"":""positive""}"
"C'est la démonstration que je veux faire.La première chose que l'on voit dans la motion, c'est l'abolition de la taxe sur le carbone.","441321HAN321-12775837","2024-05-30","FR","parliament","{""themes"":""environment"",""political_parties"":null,""specific_themes"":null,""sentiment"":""neutral""}"
"C'est pourquoi je voudrais que le ministre fournisse une mise à jour au maire Kletke et à la société d'habitation de Trochu, parce que si ce projet avait pu être lancé il y a trois ans, il aurait coûté entre 20 % et 25 % de moins que ce qu'il coûtera maintenant, même si le nombre de logements a été réduit.","441312HAN312-12738524","2024-05-09","FR","parliament","{""themes"":[""governments_governance"",""domestic_commerce"",""housing""],""political_parties"":null,""specific_themes"":null,""sentiment"":""neutral""}"
"C'est qu'on veut que ce premier ministre reste en place encore et encore.","441342HAN342-12876629","2024-09-24","FR","parliament","{""themes"":""governments_governance"",""political_parties"":""lpc"",""specific_themes"":null,""sentiment"":""neutral""}"
"C'était immoral de ne pas nous le dire.","441311HAN311-12732543","2024-05-08","FR","parliament","{""themes"":null,""political_parties"":null,""specific_themes"":null,""sentiment"":""negative""}"
"Canada has become a massive exporter of stolen cars and a net importer of illegal firearms under the current Liberal government.","441373HAN373-13002616","2024-11-21","EN","parliament","{""themes"":""foreign_trade"",""political_parties"":""lpc"",""specific_themes"":null,""sentiment"":""negative""}"
"Ce sont 8 milliards de dollars qui ont été octroyés à du financement de la recherche en anglais.","441279HAN279-12573638","2024-02-09","FR","parliament","{""themes"":""domestic_commerce"",""political_parties"":null,""specific_themes"":null,""sentiment"":""neutral""}"
"Ce sont des situations très difficiles avec lesquelles des Canadiens doivent composer tous les jours.","441281HAN281-12581212","2024-02-13","FR","parliament","{""themes"":null,""political_parties"":null,""specific_themes"":null,""sentiment"":""negative""}"
"Cela représente un risque non négligeable.Le budget est truffé d'ingérences dans les champs de compétence du Québec qui entraîneront des conflits liés aux champs de compétence à répétition et ralentiront la prestation de services aux citoyens.","441302HAN302-12688840","2024-04-18","FR","parliament","{""themes"":""macroeconomics"",""political_parties"":null,""specific_themes"":null,""sentiment"":""neutral""}"
"Cette table, dont les travaux ont été suspendus en 2017, avait notamment recommandé d’adopter les mesures administratives visant le taux d’alcool de 0,05.","www_ledevoir_com_societe_821293_alcool-volant-quebec-ignore-avis-experts_20241008_041351","2024-10-08","FR","headlines","{""themes"":""labor"",""political_parties"":null,""specific_themes"":null,""sentiment"":""positive""}"
"Comme l'offre augmente sur le marché, nous devons trouver une solution.","441371HAN371-12995889","2024-11-19","FR","parliament","{""themes"":""domestic_commerce"",""political_parties"":null,""specific_themes"":null,""sentiment"":""neutral""}"
"C’est lui qui lui a prêté tout près de 50 millions pour rembourser ses créanciers publics, à travers une fiducie anonyme, rapportait La Presse en octobre 2023.","www_lapresse_ca_affaires_marche-immobilier_2024-07-04_tony-accurso-hante-toujours-terrebonne_php_20240704_144353","2024-07-04","FR","headlines","{""themes"":""technology"",""political_parties"":null,""specific_themes"":null,""sentiment"":""neutral""}"
"Dans une publication sur Truth Social, M.","www_lapresse_ca_actualites_politique_2024-11-30_visite-a-mar-a-lago_trudeau-affirme-avoir-eu-une-excellente-conversation-avec-trump_php_20241201_012334","2024-12-01","FR","headlines","{""themes"":null,""political_parties"":null,""specific_themes"":null,""sentiment"":""positive""}"
"David Coon a déploré la défaite de Kevin Arseneau.","ici_radio-canada_ca_nouvelle_2114098_election-2024-resultat-liberaux-gouvernement-mn_20241022_073351","2024-10-22","FR","headlines","{""themes"":null,""political_parties"":null,""specific_themes"":null,""sentiment"":""negative""}"
"Do members know how many days and weeks ago we passed this in the House, and how we had to drag the Conservative Party to get the bill out of second reading?","441298HAN298-12672821","2024-04-11","EN","parliament","{""themes"":null,""political_parties"":""cpc"",""specific_themes"":null,""sentiment"":""neutral""}"
"During his campaign, he acknowledged in a video posted online that he dumped a dead bear in New York City’s Central Park a decade ago and staged it to look like a bike had hit it.","www_theglobeandmail_com_world_article-trump-selects-robert-f-kennedy-jr-to-lead-department-of-health-and__20241114_222331","2024-11-14","EN","headlines","{""themes"":[""education"",""labor""],""political_parties"":null,""specific_themes"":null,""sentiment"":""neutral""}"
"Dussault, qui estime que CAPREIT et les grandes entreprises immobilières en sont «directement responsables».","www_journaldemontreal_com_2024_11_23_voici-le-geant-de-limmobilier-qui-engorge-le-plus-le-tribunal-administratif-du-logement-au-quebec_20241123_152326","2024-11-23","FR","headlines","{""themes"":[""domestic_commerce"",""housing""],""political_parties"":null,""specific_themes"":null,""sentiment"":""positive""}"
"Elle a été éradiquée du pays il y a 17 ans et la Santé publique ne veut pas qu’elle y revienne.","www_lapresse_ca_actualites_chroniques_2024-07-17_ce-chien-mira-pourra-t-il-traverser-aux-etats-unis-en-aout_php_20240717_111410","2024-07-17","FR","headlines","{""themes"":""health"",""political_parties"":null,""specific_themes"":null,""sentiment"":""negative""}"
"Elle avait déjà accusé l'ex-président de «jouer à des jeux politiques» autour de l'ouragan Hélène.","www_journaldemontreal_com_2024_10_08_louragan-milton-pourrait-etre-la-pire-tempete-en-floride-en-un-siecle-avertit-biden_20241008_175325","2024-10-08","FR","headlines","{""themes"":[""law_and_crime"",""transportation""],""political_parties"":null,""specific_themes"":null,""sentiment"":""negative""}"
"En 2023, nos émissions auraient été supérieures d'environ 24 millions de tonnes sans la tarification minimale du carbone, qui était en place pour la quatrième année seulement au Canada.","441321HAN321-12775236","2024-05-30","FR","parliament","{""themes"":[""education"",""environment"",""foreign_trade""],""political_parties"":null,""specific_themes"":null,""sentiment"":""positive""}"
"En tant que président, j'ai reçu des messages de personnes qui étaient reconnaissantes d'avoir pu bénéficier de ce service, qui pouvaient à nouveau sourire, qui pouvaient aller à des entrevues d'embauche, qui pouvaient sourire à leurs petits-enfants.","441320HAN320-12773042","2024-05-29","FR","parliament","{""themes"":null,""political_parties"":null,""specific_themes"":null,""sentiment"":""positive""}"
"Est-ce qu'il était dangereux?","441315HAN315-12750514","2024-05-22","FR","parliament","{""themes"":null,""political_parties"":null,""specific_themes"":null,""sentiment"":""negative""}"
"Feed Nova Scotia reports that food bank usage is up 26%, with increased visits as high as 50% in Cape Breton.","441299HAN299-12678419","2024-04-15","EN","parliament","{""themes"":[""agriculture"",""social_welfare""],""political_parties"":null,""specific_themes"":null,""sentiment"":""neutral""}"
"Foreign Minister Melanie Joly will not run for Liberal leadership.","www_ctvnews_ca_politics_foreign-affairs-minister-melanie-joly-will-not-seek-liberal-leadership-1_7171212_20250110_171329","2025-01-10","EN","headlines","{""themes"":""governments_governance"",""political_parties"":""lpc"",""specific_themes"":null,""sentiment"":""neutral""}"
"He called the day’s events a wake-up call for the Liberal Party, but declined to say if Mr.","www_theglobeandmail_com_politics_article-chrystia-freeland-resigns-as-minister-of-finance__20241217_060331","2024-12-17","EN","headlines","{""themes"":null,""political_parties"":""lpc"",""specific_themes"":null,""sentiment"":""neutral""}"
"He said, “In the Constitution we propose to continue the system of Responsible Government, which has existed in this province since 1841, and which has long obtained in the Mother Country.","441363HAN363-12966847","2024-10-31","EN","parliament","{""themes"":""governments_governance"",""political_parties"":null,""specific_themes"":null,""sentiment"":""positive""}"
"He went to Longueuil, Montreal and Quebec City to insult the mayors and demonstrate his total lack of knowledge of how the system works.","441271HAN271-12538742","2024-01-30","EN","parliament","{""themes"":""governments_governance"",""political_parties"":null,""specific_themes"":null,""sentiment"":""neutral""}"
"Here are the Auditor General's words, hot off the press, just tabled here this morning, on this green slush fund scandal.","441324HAN324-12790119","2024-06-04","EN","parliament","{""themes"":null,""political_parties"":null,""specific_themes"":null,""sentiment"":""negative""}"
"Here’s how to spot them The Canadian Taxi Association is warning customers about scams involving fake roof signs that have recently been reported in several cities.","globalnews_ca_news_10702406_top-stories-this-week-august-16__20240818_021332","2024-08-18","EN","headlines","{""themes"":[""defense"",""transportation""],""political_parties"":null,""specific_themes"":null,""sentiment"":""negative""}"
"Herzi Halevi, said Saturday that the elimination of Nasrallah was “not the end of our toolbox,” indicating that more strikes were planned.","globalnews_ca_news_10784177_hezbollah-leader-hassan-nasrallah-killed-israeli-airstrike__20240928_123331","2024-09-28","EN","headlines","{""themes"":null,""political_parties"":null,""specific_themes"":null,""sentiment"":""negative""}"
"However, when my other grandparents, Joseph and Doris Soroka, came in 1929, there were actually two pages.","441273HAN273-12549664","2024-02-01","EN","parliament","{""themes"":null,""political_parties"":null,""specific_themes"":null,""sentiment"":""neutral""}"
"Hunter Biden's lawyer said at a recent hearing that he was struggling to line up expert witnesses willing to testify in the high-profile case in Los Angeles.","www_cbc_ca_news_world_hunter-biden-legal-woes-1_7232135_20240612_064433","2024-06-12","EN","headlines","{""themes"":null,""political_parties"":null,""specific_themes"":null,""sentiment"":""neutral""}"
"I remember that because factories and businesses were closed in my community.","441353HAN353-12925534","2024-10-10","EN","parliament","{""themes"":null,""political_parties"":null,""specific_themes"":null,""sentiment"":""neutral""}"
"I represent a Montreal riding that includes a handful of subway stations equipped with elevators.","441348HAN348-12901847","2024-10-03","EN","parliament","{""themes"":""transportation"",""political_parties"":null,""specific_themes"":null,""sentiment"":""neutral""}"
"I wonder if the member could comment on this new revelation and on whether she knew of this information, as a Liberal MP, before it was released today.","441331HAN331-12824443","2024-06-13","EN","parliament","{""themes"":null,""political_parties"":""lpc"",""specific_themes"":null,""sentiment"":""neutral""}"
"If we look at those early months, when the government said that any limitations on what happens at the border would be unacceptable.","441272HAN272-12543729","2024-01-31","EN","parliament","{""themes"":""immigration"",""political_parties"":null,""specific_themes"":null,""sentiment"":""negative""}"
"Il a accordé 18 millions de dollars en primes à ses cadres alors que la confiance du public, les auditoires et les revenus publicitaires sont en déclin.","441377HAN377-13022287","2024-11-27","FR","parliament","{""themes"":[""labor"",""macroeconomics""],""political_parties"":null,""specific_themes"":null,""sentiment"":""neutral""}"
"Il avait un œil au beurre noir, tu voyais qu’il avait mangé des coups.","www_tvanouvelles_ca_2024_12_31_cest-un-milieu-ou-il-y-a-de-la-violence-sinquiete-la-famille-dun-sans-abri-victime-dun-meurtre_20240929_004405","2024-09-29","FR","headlines","{""themes"":null,""political_parties"":null,""specific_themes"":null,""sentiment"":""negative""}"
"Il faudrait remonter à 2023, et se demander pourquoi Joe Biden n’a pas cédé sa place.","www_lapresse_ca_elections-americaines_chroniques_2024-11-04_presidentielle-americaine_l-heure-du-bilan-de-la-campagne_php_20241104_141401","2024-11-04","FR","headlines","{""themes"":null,""political_parties"":null,""specific_themes"":null,""sentiment"":""negative""}"
"Il faut en même temps régler la qualité et protéger la santé de la population.","441320HAN320-12773426","2024-05-29","FR","parliament","{""themes"":""health"",""political_parties"":null,""specific_themes"":null,""sentiment"":""positive""}"
"Il n'y a aucun Québécois ni aucune Québécoise aujourd'hui qui n'a pas d'assurance-médicaments.","441309HAN309-12722864","2024-05-06","FR","parliament","{""themes"":null,""political_parties"":null,""specific_themes"":null,""sentiment"":""neutral""}"
"Il n’y avait pas de données.","441286HAN286-12607971","2024-02-27","FR","parliament","{""themes"":null,""political_parties"":null,""specific_themes"":null,""sentiment"":""neutral""}"
"Il prétend ignorer l'incidence probable de cette hausse d'impôt sur les Canadiens de la classe moyenne, qui seront les seuls à la subir.","441333HAN333-12830848","2024-06-17","FR","parliament","{""themes"":null,""political_parties"":null,""specific_themes"":null,""sentiment"":""negative""}"
"Il y a aussi le déficit de 40 milliards de dollars; ce n'est pas banal.","441316HAN316-12753007","2024-05-23","FR","parliament","{""themes"":""macroeconomics"",""political_parties"":null,""specific_themes"":null,""sentiment"":""negative""}"
"Ils ont finalement reçu, 30 jours plus tard, une lettre qui disait que la subvention leur était refusée.","441278HAN278-12569575","2024-02-08","FR","parliament","{""themes"":null,""political_parties"":null,""specific_themes"":null,""sentiment"":""negative""}"
"Ils veulent seulement gagner », conclut Mme Brathwaite.","www_ledevoir_com_monde_etats-unis_818692_moment-obama-kamala-harris_20240824_070351","2024-08-24","FR","headlines","{""themes"":null,""political_parties"":null,""specific_themes"":null,""sentiment"":""neutral""}"
"In 2010, Canada agreed to buy 65 F-35s (with a total lifetime cost estimated to be US$29.3 billion by the parliamentary budget officer).","nationalpost_com_opinion_trudeau-hopes-to-reach-nato-target-with-a-sprinkling-of-pixie-dust-and-a-dash-of-good-luck_20240721_093350","2024-07-21","EN","headlines","{""themes"":""macroeconomics"",""political_parties"":null,""specific_themes"":null,""sentiment"":""positive""}"
"In 2023, the U.S. produced an average of 12.9 million barrels per day of its own crude, yet consumed an average of 20.2 million barrels.","www_theglobeandmail_com_business_economy_article-canada-us-trump-tariffs-trade-war-strategy__20250118_081328","2025-01-18","EN","headlines","{""themes"":null,""political_parties"":null,""specific_themes"":null,""sentiment"":""negative""}"
"In another section of the Midas story, he becomes fearful of his power and embraces his beautiful daughter, who is immediately transformed into a golden statue.","441373HAN373-13004754","2024-11-21","EN","parliament","{""themes"":null,""political_parties"":null,""specific_themes"":null,""sentiment"":""neutral""}"
"In fact, none other than the B.C.","441324HAN324-12795220","2024-06-04","EN","parliament","{""themes"":null,""political_parties"":null,""specific_themes"":null,""sentiment"":""neutral""}"
"In his address to the nation, Putin said that Russia has responded to the most difficult challenges and will be moving forward next year.","www_cbc_ca_news_world_new-years-eve-world-celebrations-1_7420758_20241231_204425","2024-12-31","EN","headlines","{""themes"":null,""political_parties"":null,""specific_themes"":null,""sentiment"":""neutral""}"
"In that respect, Sheldrick said it likely means less to passenger-vehicle transportation, where electric vehicles seem to be a better fit, and more to uses that require more power.","vancouversun_com_news_local-news_bc-hydrogen-highway-new-projects_20240621_225347","2024-06-21","EN","headlines","{""themes"":[""energy"",""transportation""],""political_parties"":null,""specific_themes"":null,""sentiment"":""positive""}"
"Instead, he said these situations are usually co-ordinated by emergency services and insurance companies.","montrealgazette_com_news_local-news_what-to-do-if-you-get-caught-in-a-flood-while-driving_20240718_045352","2024-07-18","EN","headlines","{""themes"":null,""political_parties"":null,""specific_themes"":null,""sentiment"":""negative""}"
"Israel's campaign in response has killed 42,438 Palestinians and injured 99,246 more, according to Gaza's health ministry.","www_cbc_ca_news_world_sinwar-death-reports-israel-1_7354642_20241017_153353","2024-10-17","EN","headlines","{""themes"":[""governments_governance"",""health""],""political_parties"":null,""specific_themes"":null,""sentiment"":""negative""}"
"It almost did not matter which party one was in, he was generally approved.","441319HAN319-12768911","2024-05-28","EN","parliament","{""themes"":null,""political_parties"":null,""specific_themes"":null,""sentiment"":""positive""}"
"It is a huge opportunity, and it is one we should not miss.","441318HAN318-12764923","2024-05-27","EN","parliament","{""themes"":null,""political_parties"":null,""specific_themes"":null,""sentiment"":""positive""}"
"It is time for Canada to get serious about the reality facing our planet and our species, and have the courage to know that as one of the largest countries on earth, we face and will face the largest impact.","441366HAN366-12975009","2024-11-05","EN","parliament","{""themes"":null,""political_parties"":null,""specific_themes"":null,""sentiment"":""positive""}"
"It states the local mosque carried a “strong influence” on several of the school’s staff members.","montrealgazette_com_news_explainer-what-happened-at-the-montreal-school-where-11-teachers-were-suspended_20241024_104353","2024-10-24","EN","headlines","{""themes"":[""rights_liberties_minorities_discrimination"",""education""],""political_parties"":null,""specific_themes"":null,""sentiment"":""positive""}"
"It sure pays to be a Liberal insider.","441354HAN354-12926788","2024-10-11","EN","parliament","{""themes"":null,""political_parties"":""lpc"",""specific_themes"":null,""sentiment"":""neutral""}"
"It’s drawing out, and it’s weird to say, the prehistoric roots of cooking over the fire.","www_thestar_com_news_gta_this-new-toronto-burger-restaurant-is-already-selling-out-its-no-surprise-given-whos-behind_article_3a18e558-4e9e-11ef-8151-dff2548ac28d_html_20240805_115355","2024-08-05","EN","headlines","{""themes"":null,""political_parties"":null,""specific_themes"":null,""sentiment"":""negative""}"
"JD Vance, R-Ohio arrives to vote at the St.","www_theglobeandmail_com_world_us-politics_article-live-updates-polls-open-across-the-us-as-election-day-arrives__20241105_151331","2024-11-05","EN","headlines","{""themes"":null,""political_parties"":null,""specific_themes"":null,""sentiment"":""neutral""}"
"James—Assiniboia—Headingley has the floor.","441378HAN378-13027338","2024-11-28","EN","parliament","{""themes"":null,""political_parties"":null,""specific_themes"":null,""sentiment"":""neutral""}"
"Je côtoie Louis‑Philippe depuis de longues années; il tiendra parole.","441338HAN338-12860539","2024-09-18","FR","parliament","{""themes"":""law_and_crime"",""political_parties"":null,""specific_themes"":null,""sentiment"":""neutral""}"
"Je déclare la motion no 5 rejetée.","441298HAN298-12674176","2024-04-11","FR","parliament","{""themes"":null,""political_parties"":null,""specific_themes"":null,""sentiment"":""negative""}"
"Je pense qu'un tel débat serait plus productif, car, comme le député l'a lui-même précisé, ce débat a eu lieu il y a plus d'un an et demi.Il y a le rapport, et il y a de nombreux documents qui m'ont été fournis et que je n'ai pas pu consulter.","441351HAN351-12911858","2024-10-08","FR","parliament","{""themes"":""governments_governance"",""political_parties"":null,""specific_themes"":null,""sentiment"":""neutral""}"
"Je suis très fier de nos investissements, qu’ils tirent leur origine de grands événements comme les Jeux panaméricains ou les Jeux olympiques de 2010, ou de l’initiative axée sur le sport communautaire dont je vais parler dans un instant.Nous avons également fait quelque chose que les athlètes réclament depuis 1999.","441358HAN358-12944051","2024-10-24","FR","parliament","{""themes"":""culture_and_nationalism"",""political_parties"":null,""specific_themes"":null,""sentiment"":""positive""}"
"Je tiens toutefois à préciser que la Loi sur les mesures d'urgence n'est pas le mécanisme à utiliser pour résoudre la crise des surdoses.","441320HAN320-12773702","2024-05-29","FR","parliament","{""themes"":null,""political_parties"":null,""specific_themes"":null,""sentiment"":""negative""}"
"La capsule Starliner, de Boeing, amarrée à la Station spatiale internationale.","ici_radio-canada_ca_nouvelle_2099437_astronautes-boeing-reviendront-avec-spacex_20240824_185331","2024-08-24","FR","headlines","{""themes"":null,""political_parties"":null,""specific_themes"":null,""sentiment"":""neutral""}"
"La nouvelle taxe est dévastatrice pour tout le monde, de la ferme à la table.","441331HAN331-12824183","2024-06-13","FR","parliament","{""themes"":[""agriculture"",""macroeconomics""],""political_parties"":null,""specific_themes"":null,""sentiment"":""neutral""}"
"La politique sur les sports est échue depuis plus d'un an.","441358HAN358-12945372","2024-10-24","FR","parliament","{""themes"":""culture_and_nationalism"",""political_parties"":null,""specific_themes"":null,""sentiment"":""neutral""}"
"Le CLSC est «la bonne porte d’entrée» Le Centre intégré universitaire de santé et de services sociaux (CIUSSS) de l’Est-de-l’Île-de-Montréal n’a pas voulu réagir devant la caméra, mais son responsable des communications a mentionné par courriel que certains détails ne concordaient pas avec leurs informations.","www_tvanouvelles_ca_2024_11_14_abandonnee-et-sans-aide-a-82-ans-une-ainee-qui-vit-dans-des-conditions-atroces-sur-le-point-de-se-faire-evincer_20241115_115324","2024-11-15","FR","headlines","{""themes"":[""governments_governance"",""education"",""health"",""social_welfare"",""technology""],""political_parties"":null,""specific_themes"":null,""sentiment"":""positive""}"
"Le dossier a été transféré à la Sûreté du Québec (SQ) qui doit faire la lumière sur les circonstances de cet événement.","www_journaldemontreal_com_2024_10_25_salaberry-valleyfield-un-incendie-dans-une-residence-envoie-deux-personnes-a-lhopital_20241025_140328","2024-10-25","FR","headlines","{""themes"":null,""political_parties"":null,""specific_themes"":null,""sentiment"":""neutral""}"
"Le ministre de la Santé est-il en mesure de nous dire quelle incidence le projet de loi aura sur les 27 millions de Canadiens qui comptent sur un régime privé administré par leur employeur?","441309HAN309-12723415","2024-05-06","FR","parliament","{""themes"":[""governments_governance"",""health"",""labor""],""political_parties"":null,""specific_themes"":null,""sentiment"":""negative""}"
"Le peuple est pauvre, le gouvernement est riche.","441306HAN306-12709060","2024-05-01","FR","parliament","{""themes"":""governments_governance"",""political_parties"":null,""specific_themes"":null,""sentiment"":""neutral""}"
"Le premier ministre de Terre-Neuve-et-Labrador, Andrew Furey, est aussi contre l'idée de Doug Ford.","ici_radio-canada_ca_nouvelle_2127021_conseil-federation-signe-donald-trump_20241215_190406","2024-12-15","FR","headlines","{""themes"":""governments_governance"",""political_parties"":""lpc"",""specific_themes"":null,""sentiment"":""negative""}"
"Le président français Emmanuel Macron a donné le coup d'envoi du rendez-vous olympique à 16 h 54 (HAE).","ici_radio-canada_ca_jeux-olympiques_nouvelle_2091763_ceremonie-ouverture-jeux-celine-dion_20240726_231352","2024-07-26","FR","headlines","{""themes"":null,""political_parties"":null,""specific_themes"":null,""sentiment"":""negative""}"
"Le secrétaire parlementaire du leader du gouvernement à la Chambre a la parole.","441285HAN285-12602471","2024-02-26","FR","parliament","{""themes"":[""governments_governance"",""law_and_crime""],""political_parties"":null,""specific_themes"":null,""sentiment"":""neutral""}"
"Le voyage des deux VP de cinq jours, dont trois à la COP, a coûté 24 000$.","www_tvanouvelles_ca_2024_12_25_dautres-dirigeants-de-port-de-montreal-se-sont-gates-en-voyage-et-au-resto_20240806_103353","2024-08-06","FR","headlines","{""themes"":""transportation"",""political_parties"":null,""specific_themes"":null,""sentiment"":""neutral""}"
"Les conservateurs pleins de bon sens continueront à se battre, jour après jour, pour garantir que les industries pétrolières et énergétiques canadiennes de classe mondiale reçoivent le soutien dont elles ont besoin pour que ces travailleurs puissent garder la lumière allumée lorsqu'il fait froid dehors.","441310HAN310-12724422","2024-05-07","FR","parliament","{""themes"":[""agriculture"",""energy"",""labor"",""macroeconomics""],""political_parties"":""cpc"",""specific_themes"":null,""sentiment"":""neutral""}"
"Les conversations intéressantes et les conseils judicieux y étaient toujours à l'honneur.","441270HAN270-12531107","2024-01-29","FR","parliament","{""themes"":null,""political_parties"":null,""specific_themes"":null,""sentiment"":""positive""}"
"Les enfants orientés dans ces familles sont à haut risque d’abandon parental », selon la définition du CIUSSS.","www_lapresse_ca_actualites_2024-10-09_mauricie-et-centre-du-quebec_faussetes-et-omissions-a-la-dpj_php_20241009_123330","2024-10-09","FR","headlines","{""themes"":""health"",""political_parties"":null,""specific_themes"":null,""sentiment"":""negative""}"
"Les gens parviennent à peine à joindre les deux bouts.","441293HAN293-12642685","2024-03-21","FR","parliament","{""themes"":null,""political_parties"":null,""specific_themes"":null,""sentiment"":""negative""}"
"Les gérants d'épiceries mettent des puces sur les biftecks.","441308HAN308-12718384","2024-05-03","FR","parliament","{""themes"":null,""political_parties"":null,""specific_themes"":null,""sentiment"":""neutral""}"
"Les investissements dans notre régime d'assurance-médicaments vont aider 1 Canadien sur 4 et 1 aîné sur cinq souffrant du diabète à surveiller, à tester et à traiter leur diabète sans avoir à se préoccuper des coûts.","441346HAN346-12893537","2024-10-01","FR","parliament","{""themes"":null,""political_parties"":null,""specific_themes"":null,""sentiment"":""negative""}"
"Locke said that beginning in September progress on the transition will be reported at each council meeting where councillors will have a chance to ask questions.","vancouversun_com_news_local-news_surrey-mayor-brenda-locke-fight-city-police-force-over_20240612_022403","2024-06-12","EN","headlines","{""themes"":null,""political_parties"":null,""specific_themes"":null,""sentiment"":""positive""}"
"L’analyste politique à Radio-Canada est également vice-président sénior du Groupe Cavalia.","www_journaldemontreal_com_2024_12_31_equipements-et-dechets-qui-trainent-illumi-laval-occupe-illegalement-un-terrain-depuis-trois-mois_20241128_052327","2024-11-28","FR","headlines","{""themes"":""technology"",""political_parties"":null,""specific_themes"":null,""sentiment"":""negative""}"
"L’armée russe, elle, est complètement happée par la guerre de Vladimir Poutine en Ukraine et n’a tout simplement pas les moyens d’agir sur deux fronts.","ici_radio-canada_ca_nouvelle_2125556_regime-syrie-bachar-al-assad_20241209_113328","2024-12-09","FR","headlines","{""themes"":""defense"",""political_parties"":null,""specific_themes"":null,""sentiment"":""neutral""}"
"Madam Speaker, the Conservative Party of Canada has absolutely no shame.","441379HAN379-13029459","2024-11-29","EN","parliament","{""themes"":null,""political_parties"":""cpc"",""specific_themes"":null,""sentiment"":""neutral""}"
"Madam Speaker, the Halifax regional municipality is on the front lines when it comes to responding to the housing crisis.","441369HAN369-12987640","2024-11-08","EN","parliament","{""themes"":[""governments_governance"",""housing""],""political_parties"":null,""specific_themes"":null,""sentiment"":""negative""}"
"Madam Speaker, yesterday I tried to move a motion calling on the House of Commons to join the Bloc Québécois in denouncing the presence of a religious exemption in paragraph 319(3)(b) of the Criminal Code.","441383HAN383-13045265","2024-12-05","EN","parliament","{""themes"":[""rights_liberties_minorities_discrimination"",""agriculture"",""law_and_crime""],""political_parties"":""bq"",""specific_themes"":null,""sentiment"":""neutral""}"
"Madame la Présidente, j'ai entendu le député parler longuement de la Constitution; je suis donc sûr qu'il est bien conscient que les trois composantes de notre système de gouvernement, qui sont l'exécutif, le législatif et le judiciaire, ont des pouvoirs distincts, de même que des contraintes distinctes.La GRC a écrit au légiste de la Chambre des communes, en juillet, pour dire qu'elle ne pouvait pas utiliser les dossiers reçus par ce processus dans le cadre de son enquête, en raison des droits conférés au suspect en vertu de la Charte.","441351HAN351-12914886","2024-10-08","FR","parliament","{""themes"":[""rights_liberties_minorities_discrimination"",""governments_governance"",""law_and_crime"",""defense""],""political_parties"":null,""specific_themes"":null,""sentiment"":""neutral""}"
"Mais aussi au Royaume-Uni en 2017 alors qu’un attentat suicide imputé, encore une fois, à l’État islamique a enlevé la vie à 22 citoyens à la sortie d’un spectacle à Manchester.","www_tvanouvelles_ca_2024_08_07_attentat-terroriste-a-vienne-dejoue-pourquoi-letat-islamique-en-veut-il-a-taylor-swift_20240808_072328","2024-08-08","FR","headlines","{""themes"":[""rights_liberties_minorities_discrimination"",""culture_and_nationalism""],""political_parties"":null,""specific_themes"":null,""sentiment"":""neutral""}"
"Mais sur le terrain, plusieurs acteurs du milieu s’attendent à ce que les enseignants non légalement qualifiés suivant ces programmes soient nombreux à les abandonner avant d’avoir obtenu leur brevet d’enseignement.","www_ledevoir_com_societe_education_822069_programmes-courts-enseignement-promus-quebec-analyse-serieuse_20241021_110327","2024-10-21","FR","headlines","{""themes"":[""education"",""domestic_commerce""],""political_parties"":null,""specific_themes"":null,""sentiment"":""neutral""}"
"Manak said that the violence and aggression experienced by first responders has escalated over the last several months and is unacceptable.","vancouversun_com_news_police-protection-first-responders-pandora-avenue-victoria_20240714_091357","2024-07-14","EN","headlines","{""themes"":""law_and_crime"",""political_parties"":null,""specific_themes"":null,""sentiment"":""negative""}"
"Mark Carney bénéficie donc de l’appui de deux ministres québécois bien connus, en plus de celui d’Harjit Sajjan, dans l’Ouest, et de Kamal Khera et Patty Hadju, en Ontario.","ici_radio-canada_ca_nouvelle_2134388_taxe-carbone-pollution-environnement-liberau_20250121_184351","2025-01-21","FR","headlines","{""themes"":""governments_governance"",""political_parties"":null,""specific_themes"":null,""sentiment"":""positive""}"
"Matthew Wilton, a Toronto litigator whose practice includes representing other lawyers in disciplinary hearings, said that in the worst-case scenarios, some lawyers held in contempt have been thrown in jail, but there are plenty of lesser penalties, such as an order to pay costs.","www_cbc_ca_news_canada_toronto_cartel-bui-lawyers-contempt-1_7309546_20240902_140417","2024-09-02","EN","headlines","{""themes"":null,""political_parties"":null,""specific_themes"":null,""sentiment"":""negative""}"
"Moi, je sais que ça fait depuis dimanche soir que je me torture et c'est plus fort que moi.","ici_radio-canada_ca_nouvelle_2086130_france-elections-legislatives-failles-barrage-extreme-droite-rn_20240706_190332","2024-07-06","FR","headlines","{""themes"":null,""political_parties"":null,""specific_themes"":null,""sentiment"":""neutral""}"
"Monsieur le Président, il y a quelques années, la Colombie‑Britannique a présenté au gouvernement un projet pilote qu'elle voulait mettre en place pour envisager une façon différente de faire face à la crise de santé publique causée par l'épidémie liée aux opioïdes chez les Britanno‑Colombiens.","441306HAN306-12708716","2024-05-01","FR","parliament","{""themes"":[""governments_governance"",""health""],""political_parties"":null,""specific_themes"":null,""sentiment"":""negative""}"
"Monsieur le Président, je remercie ma collègue de sa question.","441333HAN333-12831162","2024-06-17","FR","parliament","{""themes"":null,""political_parties"":null,""specific_themes"":null,""sentiment"":""positive""}"
"Monsieur le Président, le premier ministre a caché aux tribunaux et aux Canadiens son intention de quadrupler la taxe sur le carbone pour la faire passer à 61 ¢ le litre.","441347HAN347-12895955","2024-10-02","FR","parliament","{""themes"":[""governments_governance"",""law_and_crime"",""environment""],""political_parties"":""lpc"",""specific_themes"":null,""sentiment"":""neutral""}"
"Most local voters haven’t seemed engaged in this byelection, but pundits certainly are — because the results could alter the federal leadership landscape.","montrealgazette_com_opinion_columnists_robert-libman-montreal-byelection-could-spell-end-for-trudeau-and-singh_20240915_160333","2024-09-15","EN","headlines","{""themes"":null,""political_parties"":null,""specific_themes"":null,""sentiment"":""neutral""}"
"My recommendation to this government is to listen to the committee and strike it from the bill that passed.","441281HAN281-12584055","2024-02-13","EN","parliament","{""themes"":""labor"",""political_parties"":null,""specific_themes"":null,""sentiment"":""positive""}"
"No one can afford to live anymore.","441305HAN305-12705566","2024-04-30","EN","parliament","{""themes"":null,""political_parties"":null,""specific_themes"":null,""sentiment"":""positive""}"
"Nous avons un plan pour créer plus d'emplois au pays.","441298HAN298-12671482","2024-04-11","FR","parliament","{""themes"":null,""political_parties"":null,""specific_themes"":null,""sentiment"":""neutral""}"
"Nous en parlons parce qu'au Québec, les demandes anticipées d'aide médicale à mourir sont un sujet d'actualité et que la loi québécoise a été mise en œuvre hier.","441363HAN363-12965677","2024-10-31","FR","parliament","{""themes"":""health"",""political_parties"":null,""specific_themes"":null,""sentiment"":""negative""}"
"Nous mourrons tous, mais, comme je l’ai dit il y a de nombreuses législatures de cela, l’acte de mourir n’est pas un acte isolé; il touche toute la famille, le groupe d'amis, les personnes qui nous sont chères.","441283HAN283-12590712","2024-02-15","FR","parliament","{""themes"":null,""political_parties"":null,""specific_themes"":null,""sentiment"":""negative""}"
"Nous ne savons pas qui sera le candidat démocrate à la vice-présidence, nous ne pouvons donc pas fixer une date avant leur convention.","ici_radio-canada_ca_nouvelle_2089132_une-course-perdue-davance-pour-les-democrates_20240718_133332","2024-07-18","FR","headlines","{""themes"":null,""political_parties"":null,""specific_themes"":null,""sentiment"":""negative""}"
"Officials say the best—and most likely—scenario is that it will take 12 to 24 hours for the water to move past the blockage.","bc_ctvnews_ca_dam-in-chilcotin-river-will-be-overtaken-by-water-within-hours-b-c-officials-1_6989204_20240805_093349","2024-08-05","EN","headlines","{""themes"":null,""political_parties"":null,""specific_themes"":null,""sentiment"":""negative""}"
"On Tuesday, she was in the ER, stricken with pain down her back.","www_theglobeandmail_com_canada_article-cfia-food-safety-algorithm-listeria-outbreak__20241215_125332","2024-12-15","EN","headlines","{""themes"":null,""political_parties"":null,""specific_themes"":null,""sentiment"":""negative""}"
"On the other hand, a Chinese company, Tiandingfeng Canada (TDF), got the megawatts it wanted for a project in nearby Sorel-Tracy.","montrealgazette_com_news_politics_as-bill-69-hearings-open-caq-insists-hydro-projects-will-not-boost-rates-for-citizens_20240911_052351","2024-09-11","EN","headlines","{""themes"":null,""political_parties"":null,""specific_themes"":null,""sentiment"":""negative""}"
"On this side of the House, we believe in technology, but we need to challenge the industry.","441388HAN388-13069443","2024-12-12","EN","parliament","{""themes"":[""macroeconomics"",""technology""],""political_parties"":null,""specific_themes"":null,""sentiment"":""negative""}"
"One of them was John Ominayak, the man living in the tent encampment at the edge of town.","www_cbc_ca_newsinteractives_features_dawson-creek-violence-crime_20241011_114356","2024-10-11","EN","headlines","{""themes"":null,""political_parties"":null,""specific_themes"":null,""sentiment"":""neutral""}"
"Par exemple, jeudi dernier, il a écrit sur le réseau Truth Social qu’il ne restreindrait pas l’accès à la pilule contraceptive et à la fécondation in vitro.","www_journaldemontreal_com_2024_08_23_exagerations-et-canulars-10-declarations-erronees-a-la-convention-democrate_20240824_021326","2024-08-24","FR","headlines","{""themes"":""health"",""political_parties"":null,""specific_themes"":null,""sentiment"":""positive""}"
"Plusieurs attentats ou projets d'attentat à motivation islamiste, et impliquant des ressortissants étrangers, ont choqué le pays ces derniers mois.","ici_radio-canada_ca_nouvelle_2128527_allemagne-vehicule-marche-noel_20241220_211327","2024-12-20","FR","headlines","{""themes"":[""rights_liberties_minorities_discrimination"",""immigration""],""political_parties"":null,""specific_themes"":null,""sentiment"":""negative""}"
"Pour accomplir de grandes choses, nous devons faire en sorte que les Canadiens soient au premier plan.","441342HAN342-12875020","2024-09-24","FR","parliament","{""themes"":""governments_governance"",""political_parties"":null,""specific_themes"":null,""sentiment"":""positive""}"
"Pour celle issue d'une famille peu fortunée du Bronx et qui a été longtemps serveuse dans un bar sans filet social, seule Kamala Harris comprend la réalité de ceux qui croulent sous les dettes et qui ne peuvent pas compter sur une assurance pour leurs soins de santé.","ici_radio-canada_ca_info_en-direct_1011813_parti-democrate-convention-chicago-elections-americaines-presidentielles_20240820_060349","2024-08-20","FR","headlines","{""themes"":[""health"",""macroeconomics""],""political_parties"":null,""specific_themes"":null,""sentiment"":""positive""}"
"Pour ne rien manquer du retrait de Joe Biden de la course à la Maison-Blanche, suivez notre couverture en direct.","ici_radio-canada_ca_nouvelle_2089978_joe-biden-retire-president-elections-democrates_20240722_063331","2024-07-22","FR","headlines","{""themes"":""housing"",""political_parties"":null,""specific_themes"":null,""sentiment"":""neutral""}"
"Pour profiter de la législation laxiste d'Ottawa, tout investisseur peut créer ici son entreprise avec des coactionnaires canadiens, mais procéder à ses exploitations dans un pays en développement.Plusieurs entreprises ayant des comportements qu'on pourrait considérer comme douteux bénéficient du soutien financier de la part d'Exportation et développement Canada, qui n'a des mécanismes de responsabilité que très sommaires.","441371HAN371-12994898","2024-11-19","FR","parliament","{""themes"":""domestic_commerce"",""political_parties"":null,""specific_themes"":null,""sentiment"":""neutral""}"
"Pourquoi pense-t-il que les libéraux et les conservateurs refusent d'obliger ces PDG à payer leur part et à contribuer à remettre de l'argent dans les poches des gens?","441273HAN273-12545857","2024-02-01","FR","parliament","{""themes"":null,""political_parties"":[""cpc"",""lpc""],""specific_themes"":null,""sentiment"":""neutral""}"
"Puis là, ils nous disent qu’ils n’ont plus les sommes nécessaires pour poursuivre », a-t-il tonné derrière son bureau de l’hôtel du Parlement.","www_ledevoir_com_politique_quebec_822248_roberge-blame-reseau-scolaire-classes-francisation-fermees_20241023_215406","2024-10-23","FR","headlines","{""themes"":""governments_governance"",""political_parties"":null,""specific_themes"":null,""sentiment"":""neutral""}"
"Puisque c'est la première fois que je m'adresse à la Chambre depuis la reprise de nos travaux, j'en profite pour dire à quel point je suis de représenter les gens de Laurentides—Labelle.","441340HAN340-12870022","2024-09-20","FR","parliament","{""themes"":""labor"",""political_parties"":null,""specific_themes"":null,""sentiment"":""negative""}"
"Qu'il s'agisse de la Russie, de la Chine, de l'Inde, de l'Iran ou de tout autre pays, nous voulons que toute tentative d'ingérence étrangère soit bloquée.","441311HAN311-12732496","2024-05-08","FR","parliament","{""themes"":null,""political_parties"":null,""specific_themes"":null,""sentiment"":""negative""}"
"S'ajoute maintenant cette prestigieuse reconnaissance de l'industrie de son indiscutable performance.","441345HAN345-12889425","2024-09-27","FR","parliament","{""themes"":null,""political_parties"":null,""specific_themes"":null,""sentiment"":""positive""}"
"Sa rivale compte sur le tollé pour grappiller quelques voix précieuses, dans un scrutin au suffrage indirect qui pourrait se jouer d'un cheveu dans l'un des swing states : Pennsylvanie, Michigan, Wisconsin, Géorgie, Caroline du Nord, Arizona et Nevada.","ici_radio-canada_ca_nouvelle_2116183_harris-discours-final-election_20241030_064355","2024-10-30","FR","headlines","{""themes"":null,""political_parties"":null,""specific_themes"":null,""sentiment"":""neutral""}"
"Sait-on quels députés ont voté, avec leurs amis libéraux, contre l'annulation des primes?","441376HAN376-13013871","2024-11-26","FR","parliament","{""themes"":""governments_governance"",""political_parties"":""lpc"",""specific_themes"":null,""sentiment"":""neutral""}"
"Selon les prévisions de Radio-Canada, le parti de Scott Moe a remporté 10 premiers sièges sur les 31 nécessaires pour former un gouvernement majoritaire.","ici_radio-canada_ca_info_en-direct_1012095_soiree-election-provinciale-saskatchewan-vote_20241029_040348","2024-10-29","FR","headlines","{""themes"":[""governments_governance"",""technology""],""political_parties"":null,""specific_themes"":null,""sentiment"":""neutral""}"
"Selon lui, l’offre pour les batteries est un petit peu en avance par rapport à l’offre sur les véhicules pour la demande.","www_journaldemontreal_com_2024_07_29_fin-des-vehicules-a-essence-en-2035-ca-va-trop-vite-alertent-les-constructeurs_20240729_122327","2024-07-29","FR","headlines","{""themes"":[""energy"",""transportation""],""political_parties"":null,""specific_themes"":null,""sentiment"":""negative""}"
"Seulement en Ontario, plus de 100 000 femmes ont réintégré le marché du travail grâce à ce programme de garderies, mais le chef de l'opposition veut l'abolir.","441342HAN342-12875068","2024-09-24","FR","parliament","{""themes"":[""education"",""labor"",""macroeconomics""],""political_parties"":null,""specific_themes"":null,""sentiment"":""positive""}"
"She is going to be voting for a tax that benefits millionaires and billionaires.","441378HAN378-13027558","2024-11-28","EN","parliament","{""themes"":""macroeconomics"",""political_parties"":null,""specific_themes"":null,""sentiment"":""positive""}"
"She quickly gave Doherty a rundown of what Calvin said happened: a private security guard had waved him through to turn left but he’d had to suddenly speed up to avoid another vehicle, then lost control on the slick roadway, crashing into the light standard.","www_thestar_com_news_gta_you-have-family-members-who-have-helped-this-go-away-senior-toronto-police-officer-accused_article_c6dc785e-1f6b-11ef-9528-8ba083419b3f_html_20240604_124443","2024-06-04","EN","headlines","{""themes"":[""domestic_commerce"",""transportation""],""political_parties"":null,""specific_themes"":null,""sentiment"":""negative""}"
"She urged Ottawa on Sunday to ""make the expectation clear that work must continue throughout binding arbitration.""","www_cbc_ca_news_canada_calgary_westjet-strike-continues-union-president-1_7251118_20240630_233441","2024-06-30","EN","headlines","{""themes"":null,""political_parties"":null,""specific_themes"":null,""sentiment"":""neutral""}"
"Si elles ne le font pas, elles seront pénalisées.","441320HAN320-12769674","2024-05-29","FR","parliament","{""themes"":""law_and_crime"",""political_parties"":null,""specific_themes"":null,""sentiment"":""neutral""}"
"Si le goût du luxe ostentatoire de Donald Trump n’est pas étranger à l’univers médiatique de Farokh Sarmad, l’influence du Montréalais dans le monde des cryptomonnaies n’en demeure pas moins enviable.","www_lapresse_ca_actualites_2024-09-20_le-nouveau-gourou-des-cryptos-du-clan-trump-est-quebecois_php_20240920_234353","2024-09-20","FR","headlines","{""themes"":[""domestic_commerce"",""immigration""],""political_parties"":null,""specific_themes"":null,""sentiment"":""neutral""}"
"Speaker, scheduled to be held on the evening of June 4th in the shadow of Parliament Hill at a location adjacent to the Gatineau bank on the bank of the Ottawa River, less than a kilometre from here.The promotional material of the event used very partisan, inflammatory language concerning the Conservative Party and the leader of the official opposition.","441319HAN319-12768823","2024-05-28","EN","parliament","{""themes"":""domestic_commerce"",""political_parties"":""cpc"",""specific_themes"":null,""sentiment"":""neutral""}"
"Speaker, this is not a court of law, and the member might want to be a criminal lawyer at some point in time.","441311HAN311-12732467","2024-05-08","EN","parliament","{""themes"":""law_and_crime"",""political_parties"":null,""specific_themes"":null,""sentiment"":""negative""}"
"Speaker, today, Canadians who filed their taxes electronically on March 15 or before will receive the new Canada carbon rebate amounts.","441299HAN299-12678379","2024-04-15","EN","parliament","{""themes"":""macroeconomics"",""political_parties"":null,""specific_themes"":null,""sentiment"":""neutral""}"
"Sur Europe 1, la doyenne des éditorialistes, Catherine Nay, évoquait même la convocation des états généraux par Louis XVI un peu avant sa chute.","www_ledevoir_com_monde_europe_816051_vers-france-ingouvernable_20240706_134329","2024-07-06","FR","headlines","{""themes"":null,""political_parties"":null,""specific_themes"":null,""sentiment"":""negative""}"
"Sur les 3,6 millions de demandes d’asile qui ont été présentées dans le monde en 2023, le Canada en a reçu 146 800, indique le rapport Tendances mondiales du HCR, qui reprend des données statistiques officielles sur les réfugiés, les demandeurs d'asile, les personnes déplacées à l'intérieur de leur propre pays et les apatrides dans le monde.","ici_radio-canada_ca_nouvelle_2080232_canada-classement-demandes-asile-monde-unhcr_20240613_114354","2024-06-13","FR","headlines","{""themes"":[""law_and_crime"",""immigration""],""political_parties"":null,""specific_themes"":null,""sentiment"":""neutral""}"
"That included 19.5 kilograms of fentanyl — a more than 200 per cent increase from two years prior.","globalnews_ca_news_10893138_donald-trump-tariffs-canada-border__20241202_211335","2024-12-02","EN","headlines","{""themes"":null,""political_parties"":null,""specific_themes"":null,""sentiment"":""neutral""}"
"That is the first comment I have.","441324HAN324-12795195","2024-06-04","EN","parliament","{""themes"":null,""political_parties"":null,""specific_themes"":null,""sentiment"":""neutral""}"
"The BC Wildfire Service issued an NOTAM (Notice to Airmen) on Friday, which makes using any aircraft in the area not part of landslide response illegal.","bc_ctvnews_ca_dam-in-chilcotin-river-will-be-overtaken-by-water-within-hours-b-c-officials-1_6989204_20240805_021348","2024-08-05","EN","headlines","{""themes"":null,""political_parties"":null,""specific_themes"":null,""sentiment"":""negative""}"
"The Liberals only care about the Liberals.That the government does not want to turn over these documents is a clear sign that there is corruption on many levels, which the Liberals are trying to hide.","441353HAN353-12922207","2024-10-10","EN","parliament","{""themes"":""governments_governance"",""political_parties"":""lpc"",""specific_themes"":null,""sentiment"":""neutral""}"
"The Toronto shelter serves a crucial role helping male victims of abuse, including fathers and their kids, caught in the social services gap.","nationalpost_com_feature_male-victims-of-domestic-abuse_20241108_092353","2024-11-08","EN","headlines","{""themes"":""social_welfare"",""political_parties"":null,""specific_themes"":null,""sentiment"":""neutral""}"
"The folks at Swiilawiid are going to be hosting this year's renewable energy symposium on September 21-22.","441318HAN318-12764918","2024-05-27","EN","parliament","{""themes"":""energy"",""political_parties"":null,""specific_themes"":null,""sentiment"":""neutral""}"
"The hon. member will have an opportunity to raise that.","441384HAN384-13050023","2024-12-06","EN","parliament","{""themes"":null,""political_parties"":null,""specific_themes"":null,""sentiment"":""positive""}"
"The leader is the one that gives direction to his or her cabinet.","www_thestar_com_politics_justin-trudeau-has-to-step-down-former-b-c-premier-christy-clark-says-i-want_article_7e17dd48-34c9-11ef-b755-73c82cfcc448_html_20240628_084402","2024-06-28","EN","headlines","{""themes"":null,""political_parties"":null,""specific_themes"":null,""sentiment"":""neutral""}"
"The participants will cover a total of 3,250 kilometres by snowmobile on their way to Wendake, passing through Mashteuiatsh, Rouyn‑Noranda, where they stopped the day before yesterday, Maniwaki, Saint‑Michel‑des‑Saints, and many other places.I went to Témiscaming yesterday to meet up with them.","441275HAN275-12553338","2024-02-05","EN","parliament","{""themes"":""rights_liberties_minorities_discrimination"",""political_parties"":null,""specific_themes"":null,""sentiment"":""positive""}"
"The political tumult resulted in the opposition-controlled National Assembly impeaching Yoon and Han.","globalnews_ca_news_10936633_south-korea-plane-crash-boeing-inspection__20241230_153328","2024-12-30","EN","headlines","{""themes"":null,""political_parties"":null,""specific_themes"":null,""sentiment"":""negative""}"
"The provincial government, meanwhile, has been participating in talks with Hypertec and city of Montreal officials on the issue, and a spokesperson for Environment Minister Benoit Charette said the minister is open to the idea of his department contributing to the purchase of the lands.","montrealgazette_com_news_local-news_tech-company-hopes-to-reach-deal-soon-to-preserve-land-in-technoparc_20240529_030345","2024-05-29","EN","headlines","{""themes"":[""governments_governance"",""environment""],""political_parties"":""caq"",""specific_themes"":null,""sentiment"":""positive""}"
"These reports include the 2015 Deschamps report; the 2018 Auditor General report on inappropriate sexual behaviour in the Canadian Armed Forces; the 2021 Justice Fish report; the 2021 DND-CAF ombudsman report on sexual misconduct; and the 2021 “Eliminating Sexual Misconduct Within the Canadian Armed Forces” report from the status of women committee, which my colleague the member for Sarnia—Lambton alluded to in her question to the previous Liberal speaker.","441339HAN339-12867729","2024-09-19","EN","parliament","{""themes"":[""agriculture"",""governments_governance"",""law_and_crime"",""defense""],""political_parties"":""lpc"",""specific_themes"":null,""sentiment"":""neutral""}"
"They are accusing Conservatives of doing things that this member himself has done on multiple occasions.That is nothing more than politicking because they are hiding a defund-the-police, anti-police agenda within the ranks of their party.","441308HAN308-12718621","2024-05-03","EN","parliament","{""themes"":""law_and_crime"",""political_parties"":""cpc"",""specific_themes"":null,""sentiment"":""neutral""}"
"They ravaged this country.One of the things that I think is very interesting is the climate changer performance index that the member for Regina—Qu'Appelle mentioned earlier.","441291HAN291-12631104","2024-03-19","EN","parliament","{""themes"":""environment"",""political_parties"":null,""specific_themes"":null,""sentiment"":""neutral""}"
"This year it is set at $80 per tonne of emissions, which the federal government says adds 17.6 cents to the cost of a litre of gasoline.","www_thestar_com_politics_federal_mark-carney-says-he-would-immediately-scrap-justin-trudeaus-consumer-carbon-price-here-s-what_article_48e3a9c0-df6b-11ef-b0ca-6b4ec49b5b18_html_20250131_134428","2025-01-31","EN","headlines","{""themes"":[""energy"",""environment""],""political_parties"":null,""specific_themes"":null,""sentiment"":""neutral""}"
"Toujours au parc La Fontaine, Fanny Esteves et son chien étaient étendus sous un arbre pour éviter le soleil.","www_lapresse_ca_actualites_2024-06-18_chaleur-extreme_une-chaleur-ecrasante_php_20240619_082348","2024-06-19","FR","headlines","{""themes"":[""agriculture"",""technology""],""political_parties"":null,""specific_themes"":null,""sentiment"":""negative""}"
"Un nouveau monde est en train de naître.","441369HAN369-12987397","2024-11-08","FR","parliament","{""themes"":null,""political_parties"":null,""specific_themes"":null,""sentiment"":""neutral""}"
"Vous avez des informations à nous communiquer à propos de cette histoire?","www_journaldemontreal_com_2024_05_30_la-criminalite-a-augmente-de-115-a-montreal-en-2023_20240530_141337","2024-05-30","FR","headlines","{""themes"":null,""political_parties"":null,""specific_themes"":null,""sentiment"":""negative""}"
"Vous avez des informations à nous communiquer à propos de cette histoire?","www_journaldemontreal_com_2024_09_03_menace-de-greves-en-cpe-et-dans-les-garderies-en-milieu-familial--les-educatrices-demandent-de-meilleures-conditions-de-travail-et-un-meilleur-salaire_20240903_153327","2024-09-03","FR","headlines","{""themes"":null,""political_parties"":null,""specific_themes"":null,""sentiment"":""negative""}"
"We also removed a paragraph from the bill requiring the commission to be satisfied that it had sufficient resources to review a complaint.","441328HAN328-12812830","2024-06-10","EN","parliament","{""themes"":null,""political_parties"":null,""specific_themes"":null,""sentiment"":""neutral""}"
"We are also going to keep supporting Canadians and we are going to build houses from coast to coast.","441363HAN363-12965958","2024-10-31","EN","parliament","{""themes"":null,""political_parties"":null,""specific_themes"":null,""sentiment"":""positive""}"
"We have been disappointed,” said Broady, the association president and chairwoman of West Vancouver Schools.","vancouversun_com_news_election_bc-election-grading-education-promises_20241013_122334","2024-10-13","EN","headlines","{""themes"":""education"",""political_parties"":null,""specific_themes"":null,""sentiment"":""negative""}"
"We must recognize this and act on it.","441290HAN290-12627872","2024-03-18","EN","parliament","{""themes"":null,""political_parties"":null,""specific_themes"":null,""sentiment"":""neutral""}"
"We were able to create that over the objections of [Conservative Leader] Pierre Poilievre and the Conservative party.”","www_theglobeandmail_com_world_article-trudeau-still-not-saying-whether-liberals-were-among-mps-involved-in__20240615_144347","2024-06-15","EN","headlines","{""themes"":null,""political_parties"":""cpc"",""specific_themes"":null,""sentiment"":""neutral""}"
"We will certainly take that into consideration as well as we continue to deliberate on that question.","441312HAN312-12736248","2024-05-09","EN","parliament","{""themes"":null,""political_parties"":null,""specific_themes"":null,""sentiment"":""positive""}"
"We will continue in our relentless pursuit of economic strategies that work for all Canadians.","441297HAN297-12667766","2024-04-10","EN","parliament","{""themes"":""macroeconomics"",""political_parties"":null,""specific_themes"":null,""sentiment"":""neutral""}"
"We will not necessarily listen to rhetoric and ideology that is counterproductive and that only hurts people.","441312HAN312-12736996","2024-05-09","EN","parliament","{""themes"":null,""political_parties"":null,""specific_themes"":null,""sentiment"":""negative""}"
"What is the government's plan to protect our borders, our trade and Canadians from tariff—","441379HAN379-13029491","2024-11-29","EN","parliament","{""themes"":[""foreign_trade"",""immigration""],""political_parties"":null,""specific_themes"":null,""sentiment"":""positive""}"
"When are you going to do something?’","www_thestar_com_news_gta_toronto-s-most-flood-vulnerable-neighbourhood-continues-to-wait-for-change-after-another-deluge_article_bbaf7cfa-4514-11ef-9112-0b05bb639f78_html_20240721_171412","2024-07-21","EN","headlines","{""themes"":null,""political_parties"":null,""specific_themes"":null,""sentiment"":""neutral""}"
"When the Canadian Security Intelligence Service was first created in 1984, the federal government was the primary target of our adversaries.","441328HAN328-12811682","2024-06-10","EN","parliament","{""themes"":[""defense"",""domestic_commerce""],""political_parties"":null,""specific_themes"":null,""sentiment"":""neutral""}"
"With cold and flu season in full swing, along with recent increases in RSV, COVID-19 and walking pneumonia, they warn that packed venues and crowded trains could turn into hot spots for spreading germs.","globalnews_ca_news_10869455_taylor-swift-toronto-concert-fall-viruses__20241115_062359","2024-11-15","EN","headlines","{""themes"":[""defense"",""health"",""transportation""],""political_parties"":null,""specific_themes"":null,""sentiment"":""negative""}"
"[However] She has had no further information and unfortunately the employees are unaware of when the funding [will] be available.","441288HAN288-12616679","2024-02-29","EN","parliament","{""themes"":""labor"",""political_parties"":null,""specific_themes"":null,""sentiment"":""negative""}"
"« C’est un demi-million de dollars en fournitures scolaires qui ont été dépensés », a précisé la directrice générale du Regroupement.","www_lapresse_ca_actualites_2024-08-18_operation-sac-a-dos_record-de-demandes-mais-quatre-fois-moins-de-donateurs_php_20240819_021358","2024-08-19","FR","headlines","{""themes"":""education"",""political_parties"":null,""specific_themes"":null,""sentiment"":""negative""}"
"« J’ai quitté le Parti démocrate, confie l’ancien professeur.","www_ledevoir_com_monde_etats-unis_817077_afghans-californie-choix-difficile-election-presidentielle-2024_20240728_014357","2024-07-28","FR","headlines","{""themes"":""education"",""political_parties"":null,""specific_themes"":null,""sentiment"":""positive""}"
"« Si une étude est de faible qualité, cela ne signifie pas que toute l’information est inutile.","ici_radio-canada_ca_recit-numerique_10863_soins-affirmation-genre-bloqueurs-puberte-chirurgie-hormone-transgenre-jeunes-etudes-cass_20241028_165330","2024-10-28","FR","headlines","{""themes"":null,""political_parties"":null,""specific_themes"":null,""sentiment"":""neutral""}"
"«On va couper de façon aléatoire, c'est ça qui est frustrant.","www_tvanouvelles_ca_2024_11_12_elon-musk-nomme-ministre-cest-un-coup-de-maitre-de-donald-trump-avance-un-expert-des-medias_20241113_053329","2024-11-13","FR","headlines","{""themes"":null,""political_parties"":null,""specific_themes"":null,""sentiment"":""negative""}"
"«On voit une rotation, mais comme la vue n’est pas dégagée on ne peut pas savoir si ça touche terre ou non donc on ne peut pas confirmer une tornade», indique Amélie Bertrand, météorologue d’Environnement Canada.","www_journaldemontreal_com_2024_07_24_meteo-du-jour-des-averses-avec-risque-dorage-sur-le-sud-ouest-du-quebec_20240725_113328","2024-07-25","FR","headlines","{""themes"":""technology"",""political_parties"":null,""specific_themes"":null,""sentiment"":""neutral""}"
"«Si vous avez eu des vêtements d’hiver, des tuques, des mitaines pour Noël en cadeau, gardez-les», a affirmé le météorologue.","www_tvanouvelles_ca_2024_12_28_un-printemps-plus-precoce-a-venir-en-2025_20241229_052328","2024-12-29","FR","headlines","{""themes"":""technology"",""political_parties"":null,""specific_themes"":null,""sentiment"":""positive""}"
"»  « Je ne pense pas que ce sourire va quitter mon visage avant longtemps.","www_journaldemontreal_com_2024_06_24_finale-panthers-oilers_20240625_074335","2024-06-25","FR","headlines","{""themes"":null,""political_parties"":null,""specific_themes"":null,""sentiment"":""positive""}"
"» (Oui, elle peut !) : Michelle et Barack Obama ont fait chavirer mardi la convention démocrate en saluant « l’espoir » retrouvé avec Kamala Harris.","www_lapresse_ca_elections-americaines_2024-08-20_convention-democrate_l-espoir-est-de-retour-avec-kamala-harris-clame-michelle-obama_php_20240821_085347","2024-08-21","FR","headlines","{""themes"":null,""political_parties"":null,""specific_themes"":null,""sentiment"":""neutral""}"
"À l'arrivée au pouvoir des libéraux, deux ans plus tard, elle s'est rapidement imposée comme une figure de proue du gouvernement Trudeau, d'abord comme ministre du Commerce international.","ici_radio-canada_ca_nouvelle_2133813_chrystia-freeland-lancement-campagne-chefferie-liberal_20250119_220358","2025-01-19","FR","headlines","{""themes"":[""governments_governance"",""foreign_trade""],""political_parties"":""lpc"",""specific_themes"":null,""sentiment"":""neutral""}"
"À l’échelle du pays, la part des prêts hypothécaires résidentiels accordés par ces acteurs s’est élevée en moyenne à 23 % depuis 2014, selon des données de Statistique Canada fournies au Devoir.","www_ledevoir_com_economie_816932_plus-plus-quebecois-aventurent-jungle-prets-hypothecaires-alternatifs_20240723_055336","2024-07-23","FR","headlines","{""themes"":[""governments_governance"",""domestic_commerce""],""political_parties"":null,""specific_themes"":null,""sentiment"":""negative""}"
"“For now, we’re excited to see a municipality being creative and trying to address the needs that physicians have expressed,” Dr.","www_theglobeandmail_com_canada_article-a-bc-city-put-a-family-doctor-on-the-payroll-to-address-a-shortage-now__20241224_070330","2024-12-24","EN","headlines","{""themes"":[""governments_governance"",""health""],""political_parties"":null,""specific_themes"":null,""sentiment"":""positive""}"
"“His presidency will be remembered for the historic Camp David Accords between Israel and Egypt, and it was that lifelong dedication to peace that saw him receive the Nobel Peace prize.”","www_ctvnews_ca_world_trudeau-biden-trump-other-world-leaders-remember-former-u-s-president-jimmy-carter-1_7159829_20241230_013329","2024-12-30","EN","headlines","{""themes"":null,""political_parties"":null,""specific_themes"":null,""sentiment"":""positive""}"
"“Let’s stop wasting time talking about a merger that is never going to happen and instead focus on our efforts on restoring the pride of ‘made in Canada’ and ‘made in the USA,’” said the premier, who will meet Tuesday in Toronto with federal Finance Minister Dominic LeBlanc to discuss the tariffs.","www_thestar_com_politics_provincial_doug-ford-bristles-at-alberta-premiers-donald-trump-comments-shes-not-speaking-for-the-country_article_8d8cc82c-d1bf-11ef-aa55-4b60b8d55b80_html_20250114_095405","2025-01-14","EN","headlines","{""themes"":[""governments_governance"",""domestic_commerce"",""foreign_trade""],""political_parties"":null,""specific_themes"":null,""sentiment"":""neutral""}"
"“We can’t have these policy shifts befall us without any prior warning or without any consultation.","montrealgazette_com_news_local-news_analysis-one-year-later-quebecs-anglophone-universities-still-seek-respect-from-caq_20241011_145333","2024-10-11","EN","headlines","{""themes"":[""law_and_crime"",""defense""],""political_parties"":null,""specific_themes"":null,""sentiment"":""negative""}"
"“We know that hospitalization with any serious respiratory infection, including COVID, can leave older adults with a litany of health issues, some of which they might never recover from.","www_thestar_com_news_canada_what-a-rising-summer-wave-says-about-canada-s-long-term-future-with-covid_article_6587a336-49e0-11ef-8406-778fbc57293b_html_20240728_091436","2024-07-28","EN","headlines","{""themes"":""health"",""political_parties"":null,""specific_themes"":null,""sentiment"":""neutral""}"
"• À lire aussi: McGregor et le Heat de Miami poursuivis dans une affaire d’agression sexuelle • À lire aussi: Condamné pour viol, Conor McGregor devra payer les frais de justice de sa victime La vedette irlandaise, poursuivie cette semaine pour une histoire d’agression sexuelle survenue à Miami, a publié au cours des derniers jours sur ses réseaux sociaux plusieurs clichés où il prend la pose en compagnie de membres du groupe de motards criminalisés provenant de différents chapitres à travers le monde.","www_journaldemontreal_com_2025_01_16_le-combattant-darts-martiaux-conor-mcgregor-saffiche-avec-des-membres-en-regle-des-hells-angels-du-chapitre-de-quebec_20250116_204328","2025-01-16","FR","headlines","{""themes"":""law_and_crime"",""political_parties"":null,""specific_themes"":null,""sentiment"":""neutral""}"
